mysql> select * from items;
+---------+-----------+-------------------------+--------------+-------------+--------+------+--------+------+--------+-----------+-------------+-------------+
| item_id | class_key | title                   | purchased_on | lastused_on | rating | jbid | author | isbn | isbn13 | artist_id | licence_key | platform_id |
+---------+-----------+-------------------------+--------------+-------------+--------+------+--------+------+--------+-----------+-------------+-------------+
|       1 |         2 | Aliens                  | NULL         | NULL        |   NULL | NULL | NULL   | NULL | NULL   |      NULL | NULL        |        NULL | 
|       2 |         2 | The West Wing: Season 2 | NULL         | NULL        |   NULL | NULL | NULL   | NULL | NULL   |      NULL | NULL        |        NULL | 
+---------+-----------+-------------------------+--------------+-------------+--------+------+--------+------+--------+-----------+-------------+-------------+
2 rows in set (0.00 sec)

mysql> select * from store_items;
+----------+---------+---------------+-------+----------+
| store_id | item_id | store_item_id | price | view_url |
+----------+---------+---------------+-------+----------+
|        1 |       1 |       1087537 |  NULL | NULL     | 
|        1 |       2 |         85736 |  NULL | NULL     | 
+----------+---------+---------------+-------+----------+
2 rows in set (0.00 sec)

